benchmark,,kernel_time,private,shared,mgvm-nobalance,mgvm,,l2-tlb-mpki,private,shared,mgvm-nobalance,mgvm,,mmu-pw-lat,private,shared,mgvm-nobalance,mgvm,,pw_local_num,private,shared,mgvm-nobalance,mgvm,,pw_remote_num,private,shared,mgvm-nobalance,mgvm,,local-TLBHit-num-total,private,shared,mgvm-nobalance,mgvm,,remote-TLBHit-num-total,private,shared,mgvm-nobalance,mgvm
convolution2d,,,4.5625e-05,5.3076e-05,4.6154e-05,4.6154e-05,,,1.0709844083867521,1.0698106553819444,1.0698106553819444,1.0698106553819444,,,87.3581064296152,141.19928075094478,88.08639156406191,88.08639156406191,,,8221,2089,8234,8234,,,124,6262,135,135,,,264202.0,96873.0,265309.0,265309.0,,,0,263374.0,201.0,201.0
fastwalshtransform,,,2.9374e-05,3.0913e-05,3.0467e-05,3.0237e-05,,,1.156893643465909,1.144686612215909,1.1485706676136362,1.1485706676136362,,,175.45313669064748,224.3011972855065,174.01885990338164,174.18371014492752,,,2086,548,2089,2089,,,75,1617,144,144,,,3870.0,979.0,4029.0,4012.0,,,0,2857.0,96.0,96.0
gups,,,0.003160492,0.002228832,0.00136048,0.001379728,,,699.1660122717341,477.73797213984705,514.1626711994694,510.4503009403777,,,83.68572309620137,85.73067997350628,37.04377140261975,37.3732792526365,,,575453,394424,1686670,1674492,,,1718192,1172847,144,144,,,310981.0,248753.0,227441.0,226462.0,,,0,745999.0,677643.0,686720.0
jacobi1d,,,5.0321e-05,5.9468e-05,5.0624e-05,5.0212e-05,,,3.2109969701522436,3.2068888346354165,3.2068888346354165,3.2068888346354165,,,142.20983550627514,187.72017263466114,142.52440126883425,143.19792533398402,,,16422,4156,16418,16419,,,153,12459,187,190,,,24408.0,4819.0,24246.0,24479.0,,,0,11989.0,96.0,96.0
jacobi2d,,,5.901e-05,6.7595e-05,5.9497e-05,5.8386e-05,,,2.1583294046336206,2.155172413793103,2.155172413793103,2.155172413793103,,,137.3133166747928,176.62501953125002,137.77728881835938,135.70149536132814,,,16425,4135,16414,16412,,,158,12412,155,160,,,268056.0,73355.0,269515.0,273701.0,,,0,183747.0,292.0,312.0
kmeans,,,0.000682122,0.000897568,0.000728415,0.000740679,,,8.058608004219248,8.111059076611678,8.227765496712028,8.492619284058081,,,139.20608049969138,177.36186392197962,100.11004150669297,98.53477437430612,,,152407,54751,221691,228830,,,64998,164030,209,210,,,683959.0,212161.0,253471.0,251702.0,,,0,646905.0,762319.0,764704.0
matrixtranspose,,,0.000183885,0.000211666,0.000106528,0.000108507,,,69.31043651005993,62.87917045697775,67.7226863495291,68.5199058219178,,,67.7738443861395,87.18480004786883,37.02647937924777,36.96564861138227,,,89107,37974,162032,163939,,,76907,112681,229,229,,,236288.0,63785.0,134979.0,133988.0,,,0,190130.0,111506.0,110975.0
mis,,,7.0385e-05,9.1296e-05,0.000131516,9.8162e-05,,,2.2467558812139243,1.0609509681049696,1.0623508790262022,1.8829481646883772,,,290.73389876880987,357.89651880424304,130.16394406943107,204.51190760869565,,,635,297,1085,1273,,,1698,898,51,782,,,443382.0,114425.0,113280.0,120318.0,,,0,329517.0,324944.0,318169.0
pagerank,,,0.000234751,0.000374897,0.000178688,0.00017986,,,81.26679124078827,77.45475604097065,78.3263761576882,79.01594583743477,,,49.46829860830553,88.57532680662091,36.15846425264233,36.60489392518372,,,204461,63757,250581,252736,,,55638,191288,240,240,,,21927.0,8633.0,30855.0,28676.0,,,0,25667.0,523.0,536.0
simpleconvolution,,,0.000120823,0.000121746,0.000120566,0.000120513,,,0.40641426177688705,0.40582066743154593,0.40582066743154593,0.40582066743154593,,,72.76547711781889,130.26225134080937,71.74565455875184,72.23706850316918,,,8225,2101,8242,8245,,,158,6289,204,203,,,105237.0,26044.0,105782.0,106023.0,,,0,75590.0,292.0,305.0
shoc-reduction,,,8.676e-05,8.8893e-05,8.4278e-05,8.4278e-05,,,5.633494081543183,5.617053923717668,5.617053923717668,5.617053923717668,,,212.9275,186.3365756097561,152.6041073170732,152.6041073170732,,,1093,1061,4128,4128,,,3262,3157,133,133,,,28.0,17.0,0,0,,,0,38.0,104.0,104.0
spmv,,,0.000715308,0.000654704,0.000639352,0.000653022,,,154.00759532624,149.73665415851465,130.05588945944814,132.79281125826273,,,126.54049208121249,150.83580764315874,75.76383489867419,74.68186001438269,,,198282,64671,223574,228125,,,66152,193022,165,173,,,1390972.0,341389.0,364945.0,366929.0,,,0,986103.0,1035875.0,1032281.0
stencil2d,,,0.00036743,0.000417078,0.000309245,0.000307973,,,11.983079663212436,10.526078772668393,12.273467859455959,12.242602412564768,,,76.22709759146032,109.33052021593144,53.980295634536176,54.01844461527652,,,141946,52326,242587,241977,,,95017,155901,183,183,,,575548.0,137299.0,585168.0,587237.0,,,0,411931.0,17930.0,18026.0
syrk,,,0.000509758,0.000221541,0.000267844,0.000267844,,,52.508017502672494,0.44900014966671653,0.44900014966671653,0.44900014966671653,,,184.04904255859427,233.66301410541948,127.22489235337787,127.22489235337787,,,38220,362,1366,1366,,,119232,1097,96,96,,,2220409.0,601117.0,589965.0,589965.0,,,0,1687316.0,1727030.0,1727029.0
syr2k,,,0.000571096,0.000382825,0.000495051,0.000385745,,,22.421902242190225,0.07710000771000078,0.07710000771000078,0.13470001347000135,,,157.88191651911748,211.97521400778209,108.30551232166019,125.19169265033408,,,78812,219,819,830,,,145301,665,3,691,,,2805949.0,630303.0,643310.0,630427.0,,,0,1752667.0,1605903.0,1750554.0
