benchmark,,IPC Private,IPC Shared,IPC MGVM-NoBalance,IPC MGVM,,PW Latency Private,PW Latency Shared,PW Latency MGVM-NoBalance,PW Latency MGVM,,L2 TLB Local Hits Private,L2 TLB Local Hits Shared,L2 TLB Local Hits MGVM-NoBalance,L2 TLB Local Hits MGVM,,L2 TLB Remote Hits Private,L2 TLB Remote Hits Shared,L2 TLB Remote Hits MGVM-NoBalance,L2 TLB Remote Hits MGVM,,PW Acccess Local Hits Private,PW Acccess Local Hits Shared,PW Acccess Local Hits MGVM-NoBalance,PW Acccess Local Hits MGVM,,PW Acccess Remote Hits Private,PW Acccess Remote Hits Shared,PW Acccess Remote Hits MGVM-NoBalance,PW Acccess Remote Hits MGVM
convolution2d,,1.0,0.8596163991257819,0.9885383715387616,0.9885383715387616,,1.0,1.6163271678136664,1.0083367779386736,1.0083367779386736,,1.0,0.2689071664718929,0.9992429663666152,0.9992429663666152,,0.0,0.7310928335281071,0.0007570336333848066,0.0007570336333848066,,0.9851408028759736,0.2501496826727338,0.9838690405066316,0.9838690405066316,,0.014859197124026363,0.7498503173272661,0.016130959493368385,0.016130959493368385
fastwalshtransform,,1.0,0.9502151198524893,0.9641251189811927,0.9714588087442538,,1.0,1.2784108709380677,0.9918252998246779,0.9927648683308627,,1.0,0.2552137643378519,0.9767272727272728,0.9766309639727361,,0.0,0.7447862356621481,0.02327272727272727,0.023369036027263874,,0.965293845441925,0.2531177829099307,0.93551276309897,0.93551276309897,,0.034706154558074964,0.7468822170900693,0.06448723690103,0.06448723690103
gups,,1.0,1.4180036898249846,2.323071268963895,2.2906630872171907,,1.0,1.0244361499386714,0.4426534184335825,0.44659086245420676,,1.0,0.2500653429196423,0.25129269769435764,0.24799218556651356,,0.0,0.7499346570803577,0.7487073023056423,0.7520078144334864,,0.2508901769890284,0.25166292236632976,0.9999146319629787,0.9999140111642172,,0.7491098230109716,0.7483370776336703,8.536803702127206e-05,8.598883578282086e-05
jacobi1d,,1.0,0.8461861841662743,0.9940146965865992,1.0021707958256991,,1.0,1.3200224299983654,1.0022119831686693,1.0069481117405925,,1.0,0.2867087101380295,0.9960561991619423,0.9960935910478128,,0.0,0.7132912898619705,0.003943800838057678,0.0039064089521871825,,0.9907692307692307,0.2501354198013843,0.9887383318277627,0.9885604190499127,,0.009230769230769232,0.7498645801986157,0.011261668172237277,0.011439580950087302
jacobi2d,,1.0,0.8729935646127671,0.9918147133468914,1.0106874935772274,,1.0,1.286291991253561,1.0033789304257026,0.9882617261566697,,1.0,0.2853147777924715,0.9989177449065443,0.9988613678913044,,0.0,0.7146852222075285,0.0010822550934556925,0.0011386321086955728,,0.9904721702948803,0.24989424064785157,0.9906451807592492,0.9903451605117065,,0.0095278297051197,0.7501057593521484,0.0093548192407508,0.009654839488293506
kmeans,,1.0,0.7599669328674818,0.9364469430201189,0.9209414604707302,,1.0,1.2740956665493706,0.7191499189355806,0.7078338390148452,,1.0,0.2469670549177828,0.24953090697880467,0.24763923077982616,,0.0,0.7530329450822172,0.7504690930211954,0.7523607692201738,,0.7010280352337803,0.2502548210310767,0.9990581342947273,0.9990831295843521,,0.29897196476621973,0.7497451789689232,0.0009418657052726454,0.0009168704156479218
matrixtranspose,,1.0,0.8687507677189534,1.7261658906578554,1.6946832923221544,,1.0,1.2864077703949621,0.5463240238858295,0.5454264686649848,,1.0,0.25120611228166906,0.5476154735582287,0.5469723999134564,,0.0,0.7487938877183309,0.4523845264417713,0.4530276000865437,,0.5367438890695966,0.25205934087816534,0.9985886935246301,0.9986050874713708,,0.4632561109304035,0.7479406591218346,0.0014113064753699287,0.001394912528629209
mis,,1.0,0.7709538205397827,0.5351820310836704,0.7170289928893054,,1.0,1.2310106262800835,0.4477081778927224,0.7034333061082859,,1.0,0.2577476336998977,0.2584979371280441,0.27439353960322654,,0.0,0.7422523663001023,0.7415020628719559,0.7256064603967735,,0.2721817402486069,0.2485355648535565,0.9551056338028169,0.6194647201946472,,0.727818259751393,0.7514644351464436,0.0448943661971831,0.3805352798053528
pagerank,,1.0,0.6261746559721737,1.313747985315186,1.3051873679528523,,1.0,1.7905472655926247,0.730942144158794,0.7399667050412342,,1.0,0.25169096209912534,0.9833322710179107,0.981651376146789,,0.0,0.7483090379008747,0.01666772898208936,0.01834862385321101,,0.786089142980173,0.24998333627399086,0.9990431423206191,0.9990512934033268,,0.21391085701982707,0.7500166637260092,0.000956857679380913,0.0009487065966732022
simpleconvolution,,1.0,0.9924186420909107,1.0021316125607551,1.0025723365943924,,1.0,1.7901655634016396,0.9859848021416008,0.9927381962493818,,1.0,0.2562528287777712,0.9972472047815676,0.9971315175682793,,0.0,0.7437471712222288,0.002752795218432415,0.0028684824317207133,,0.98115233210068,0.25041716328963054,0.9758465545820507,0.9759706439393939,,0.01884766789932005,0.7495828367103695,0.024153445417949324,0.02402935606060606
shoc-reduction,,1.0,0.9760048597752354,1.029450153064857,1.029450153064857,,1.0,0.875117472424915,0.716695153594877,0.716695153594877,,1.0,0.3090909090909091,0.0,0.0,,0.0,0.6909090909090909,1.0,1.0,,0.2509758897818599,0.25154101469890944,0.9687866697958226,0.9687866697958226,,0.7490241102181401,0.7484589853010906,0.031213330204177422,0.031213330204177422
spmv,,1.0,1.0925670226545126,1.1188015365557626,1.095381166331303,,1.0,1.1919963733533907,0.5987319446335777,0.5901815204452704,,1.0,0.25716840478134706,0.2605224083037078,0.2622401212112549,,0.0,0.7428315952186529,0.7394775916962921,0.737759878788745,,0.7498354977045312,0.2509614153275409,0.9992625335770697,0.9992422185038853,,0.2501645022954688,0.7490385846724591,0.0007374664229302893,0.0007577814961147272
stencil2d,,1.0,0.8809623140036157,1.1881517890345843,1.1930591318070092,,1.0,1.4342736857421643,0.7081510032540391,0.7086514680748933,,1.0,0.24998452378784844,0.9702701716802244,0.9702179052742361,,0.0,0.7500154762121516,0.02972982831977556,0.02978209472576384,,0.5990217882116617,0.25129305997781265,0.9992462001070973,0.9992443012884044,,0.40097821178833826,0.7487069400221873,0.0007537998929027475,0.0007556987115956393
syrk,,1.0,2.300964607002767,1.9031899165185706,1.9031899165185706,,1.0,1.2695692998839154,0.691255388154895,0.691255388154895,,1.0,0.26267625051727533,0.25462506392978834,0.25462517382436034,,0.0,0.7373237494827246,0.7453749360702117,0.7453748261756397,,0.24274064476792928,0.2481151473612063,0.9343365253077975,0.9343365253077975,,0.7572593552320708,0.7518848526387937,0.06566347469220246,0.06566347469220246
syr2k,,1.0,1.491793900607327,1.153610436096483,1.4805013674837004,,1.0,1.342618703150304,0.6859906106380826,0.7929451035969338,,1.0,0.26450312005606447,0.28601559745564337,0.2647761573905882,,0.0,0.7354968799439355,0.7139844025443566,0.7352238426094119,,0.35166188485273053,0.24773755656108598,0.9963503649635036,0.5456936226166995,,0.6483381151472695,0.752262443438914,0.0036496350364963502,0.4543063773833005
